CustomerID,FirstName,LastName,City,State,Country,PostalCode,Phone,Email,DateEntered
57081,James,Smith,"New York","New York","United States",280862,9638483934,James.Smith@gmail.com,2020-01-02
57082,Robert,"Downey Jr","New York","New York","United States",376573,6588282115,"Robert.Downey Jr@gmail.com",2020-01-06
57083,John,Williams,Chicago,Illinois,"United States",485629,7641021429,John.Williams@gmail.com,2020-01-11
57084,Michael,Johnson,Brisbane,Queensland,Australia,260866,7354232181,Michael.Johnson@gmail.com,2020-01-16
57085,Steve,Williams,Bremen,Bremen,Germany,740338,6285552036,Steve.Williams@gmail.com,2020-01-17
57086,David,Beckham,Villach,Carinthia,Austria,621492,7756781677,David.Beckham@gmail.com,2020-01-20
57087,Richard,Brown,"San Antonio",Texas,"United States",110945,8420993031,Richard.Brown@gmail.com,2020-01-20
57088,Joseph,James,Amsterdam,"North Holland",Netherlands,186896,6691466381,Joseph.James@gmail.com,2020-01-25
57089,Thomas,Jones,Dallas,Texas,"United States",174080,8024463594,Thomas.Jones@gmail.com,2020-01-26
57090,Charles,King,Warsaw,Masovian,Poland,589838,8498546902,Charles.King@gmail.com,2020-01-27
57091,Christopher,Garcia,Austin,Texas,"United States",772795,9610580408,Christopher.Garcia@gmail.com,2020-02-03
57092,Daniel,Rensch,Dublin,Dublin,Ireland,189723,7947018222,Daniel.Rensch@gmail.com,2020-02-03
57093,Matthew,Miller,Brisbane,Queensland,Australia,901170,7764122382,Matthew.Miller@gmail.com,2020-02-04
57094,Anthony,James,Brussels,Brussels-Capital,Belgium,322713,9371469569,Anthony.James@gmail.com,2020-02-07
57095,Mark,Davis,Brussels,Brussels-Capital,Belgium,943158,8396048181,Mark.Davis@gmail.com,2020-02-09
57096,Donald,Rodriguez,Patras,"Western Greece",Greece,127461,9919606399,Donald.Rodriguez@gmail.com,2020-02-09
57097,Steven,Smith,Braga,Braga,Portugal,531783,7287587361,Steven.Smith@gmail.com,2020-02-10
57098,Paul,Walker,Seattle,Washington,"United States",427696,8892185286,Paul.Walker@gmail.com,2020-02-11
57099,Andrew,Martinez,Bruges,"West Flanders",Belgium,717216,9289999420,Andrew.Martinez@gmail.com,2020-02-11
57100,Joshua,Fernandez,Braga,Braga,Portugal,700077,7810204569,Joshua.Fernandez@gmail.com,2020-02-13
57101,Kenneth,Hernandez,Belfast,Belfast,"Northern Ireland",462012,6036253941,Kenneth.Hernandez@gmail.com,2020-02-14
57102,Kevin,Hart,Galway,Galway,Ireland,343088,6130341879,Kevin.Hart@gmail.com,2020-02-16
57103,Brian,Lopez,Bremen,Bremen,Germany,627019,8605500276,Brian.Lopez@gmail.com,2020-02-17
57104,George,Clooney,Amsterdam,"North Holland",Netherlands,811771,9515240360,George.Clooney@gmail.com,2020-02-18
57105,Edward,Gonzalez,Patras,"Western Greece",Greece,588452,9234402314,Edward.Gonzalez@gmail.com,2020-02-20
57106,Ronald,Reagan,Bucharest,Bucharest,Romania,335722,9379225699,Ronald.Reagan@gmail.com,2020-02-21
57107,Timothy,Wilson,Zurich,Zurich,Switzerland,884138,8426394400,Timothy.Wilson@gmail.com,2020-02-22
57108,Jason,Derulo,"San Francisco",California,"United States",581225,7263791644,Jason.Derulo@gmail.com,2020-02-22
57109,Jeffrey,Anderson,Houston,Texas,"United States",331823,7768296308,Jeffrey.Anderson@gmail.com,2020-02-23
57110,Ryan,Reynolds,Brisbane,Queensland,Australia,610116,6704627597,Ryan.Reynolds@gmail.com,2020-02-25
57111,Jacob,Thomas,Houston,Texas,"United States",984201,8083693716,Jacob.Thomas@gmail.com,2020-02-27
57112,Gary,Kirsten,Villach,Carinthia,Austria,380913,6949489670,Gary.Kirsten@gmail.com,2020-02-28
57113,Nicholas,Taylor,Brisbane,Queensland,Australia,181308,6456674222,Nicholas.Taylor@gmail.com,2020-02-28
57114,Eric,Rosen,Amsterdam,"North Holland",Netherlands,304934,7552732635,Eric.Rosen@gmail.com,2020-03-01
57115,Jonathan,Moore,Namur,Namur,Belgium,461400,7933090166,Jonathan.Moore@gmail.com,2020-03-02
57116,Stephen,Cole,Warsaw,Masovian,Poland,930079,7949241495,Stephen.Cole@gmail.com,2020-03-02
57117,Larry,Wheels,Braga,Braga,Portugal,584242,7697128584,Larry.Wheels@gmail.com,2020-03-03
57118,Justin,Bieber,Zurich,Zurich,Switzerland,366457,9101727858,Justin.Bieber@gmail.com,2020-03-04
57119,Scott,Martin,Villach,Carinthia,Austria,776829,7138788538,Scott.Martin@gmail.com,2020-03-04
57120,Brandon,James,"Los Angeles",California,"United States",175106,9787293840,Brandon.James@gmail.com,2020-03-06
57121,Benjamin,Lee,Dublin,Dublin,Ireland,909426,9945527365,Benjamin.Lee@gmail.com,2020-03-07
57122,Samuel,Jackson,Cluj-Napoca,Cluj,Romania,118168,8670725681,Samuel.Jackson@gmail.com,2020-03-07
57123,Gregory,Perez,Braga,Braga,Portugal,460978,8204016277,Gregory.Perez@gmail.com,2020-03-07
57124,Anne,Frank,Belfast,Belfast,"Northern Ireland",765669,6694563730,Anne.Frank@gmail.com,2020-03-08
57125,Alexander,Thompson,Patras,"Western Greece",Greece,506559,7083288108,Alexander.Thompson@gmail.com,2020-03-09
57126,Raymond,Jose,Belfast,Belfast,"Northern Ireland",890581,6253507332,Raymond.Jose@gmail.com,2020-03-11
57127,Patrick,White,"Los Angeles",California,"United States",307718,8148723882,Patrick.White@gmail.com,2020-03-12
57128,Jack,Daniels,Galway,Galway,Ireland,975442,8929570636,Jack.Daniels@gmail.com,2020-03-12
57129,Dennis,Harris,Jacksonville,Florida,"United States",169153,7449968403,Dennis.Harris@gmail.com,2020-03-12
57130,Jerry,James,"Los Angeles",California,"United States",436092,7123499285,Jerry.James@gmail.com,2020-03-14
57131,Tyler,Sanchez,Belfast,Belfast,"Northern Ireland",834818,7520143838,Tyler.Sanchez@gmail.com,2020-03-16
57132,Aaron,Paul,Namur,Namur,Belgium,322042,8668707337,Aaron.Paul@gmail.com,2020-03-17
57133,Jose,Clark,Zurich,Zurich,Switzerland,983786,6166296814,Jose.Clark@gmail.com,2020-03-17
57134,Adam,Levin,"San Diego",California,"United States",529879,7460297856,Adam.Levin@gmail.com,2020-03-19
57135,Henry,Ramirez,Dublin,Dublin,Ireland,984321,7832034415,Henry.Ramirez@gmail.com,2020-03-22
57136,Nathan,Lyon,Moscow,Moscow,Russia,112502,8339996679,Nathan.Lyon@gmail.com,2020-03-23
57137,Douglas,Lewis,"Saint Petersburg","Saint Petersburg",Russia,414656,9345421035,Douglas.Lewis@gmail.com,2020-03-23
57138,Zachary,Chan,Novosibirsk,"Novosibirsk Oblast",Russia,549797,6076967342,Zachary.Chan@gmail.com,2020-03-24
57139,Peter,Robinson,Yekaterinburg,"Sverdlovsk Oblast",Russia,635034,7563588593,Peter.Robinson@gmail.com,2020-03-25
57140,Kyle,Jamieson,Phoenix,Arizona,"United States",477771,6465884982,Kyle.Jamieson@gmail.com,2020-03-27
57141,Walter,White,Timisoara,Timis,Romania,629138,7887809331,Walter.White@gmail.com,2020-03-27
57142,Ethan,Hunt,Zurich,Zurich,Switzerland,935721,8581240635,Ethan.Hunt@gmail.com,2020-03-27
57143,Jeremy,Young,Belfast,Belfast,"Northern Ireland",538947,6509146323,Jeremy.Young@gmail.com,2020-03-28
57144,Harold,Washington,"San Francisco",California,"United States",962549,6397030826,Harold.Washington@gmail.com,2020-04-06
57145,Keith,Allen,Braga,Braga,Portugal,417419,7777894349,Keith.Allen@gmail.com,2020-04-06
57146,Christian,Joseph,"Fort Worth",Texas,"United States",551928,8682658662,Christian.Joseph@gmail.com,2020-04-07
57147,Roger,Federer,Brisbane,Queensland,Australia,673551,8055004698,Roger.Federer@gmail.com,2020-04-07
57148,Noah,King,Amsterdam,"North Holland",Netherlands,505262,8760453027,Noah.King@gmail.com,2020-04-08
57149,Gerald,Gun,Warsaw,Masovian,Poland,697255,7148208542,Gerald.Gun@gmail.com,2020-04-08
57150,Carl,Wright,"Los Angeles",California,"United States",414899,8861591218,Carl.Wright@gmail.com,2020-04-08
57151,Terry,Crews,"San Jose",California,"United States",122849,8869775183,Terry.Crews@gmail.com,2020-04-10
57152,Sean,Scott,Patras,"Western Greece",Greece,677007,9011807962,Sean.Scott@gmail.com,2020-04-10
57153,Austin,Emerson,"Los Angeles",California,"United States",323529,7849411743,Austin.Emerson@gmail.com,2020-04-10
57154,Arthur,Torres,"New York","New York","United States",603298,7244987442,Arthur.Torres@gmail.com,2020-04-10
57155,Lawrence,Fletcher,"Los Angeles",California,"United States",261270,9529894848,Lawrence.Fletcher@gmail.com,2020-04-13
57156,Jesse,Nguyen,Bremen,Bremen,Germany,148076,7172974188,Jesse.Nguyen@gmail.com,2020-04-13
57157,Bob,Dylan,"New York","New York","United States",741510,8862273711,Bob.Dylan@gmail.com,2020-04-13
57158,Bryan,Hill,Columbus,Ohio,"United States",936908,9287611748,Bryan.Hill@gmail.com,2020-04-14
57159,Joe,Rogen,Iasi,Iasi,Romania,116738,7762054378,Joe.Rogen@gmail.com,2020-04-14
57160,Jordan,Flores,Zurich,Zurich,Switzerland,515923,7652526059,Jordan.Flores@gmail.com,2020-04-15
57161,Billy,Johnson,"San Francisco",California,"United States",332581,6610324263,Billy.Johnson@gmail.com,2020-04-15
57162,Bruce,Green,Galway,Galway,Ireland,996957,9736424586,Bruce.Green@gmail.com,2020-04-15
57163,Albert,Black,Houston,Texas,"United States",531839,8269461310,Albert.Black@gmail.com,2020-04-16
57164,Willie,Adams,Indianapolis,Indiana,"United States",559462,6988086267,Willie.Adams@gmail.com,2020-04-18
57165,Gabriel,Thomas,"Saint Petersburg","Saint Petersburg",Russia,501708,7079545540,Gabriel.Thomas@gmail.com,2020-04-18
57166,Logan,Nelson,Zurich,Zurich,Switzerland,661527,8359677337,Logan.Nelson@gmail.com,2020-04-19
57167,Alan,Walker,Houston,Texas,"United States",425321,7519015025,Alan.Walker@gmail.com,2020-04-20
57168,Juan,Baker,Charlotte,"North Carolina","United States",581120,8415952763,Juan.Baker@gmail.com,2020-04-22
57169,Wayne,Rooney,"New York","New York","United States",947006,8624133573,Wayne.Rooney@gmail.com,2020-04-23
57170,Roy,Hall,Brussels,Brussels-Capital,Belgium,646642,8051193858,Roy.Hall@gmail.com,2020-04-24
57171,Ralph,Lauren,Belfast,Belfast,"Northern Ireland",980093,8401622701,Ralph.Lauren@gmail.com,2020-04-27
57172,Randy,Rivera,Braga,Braga,Portugal,660301,8364802085,Randy.Rivera@gmail.com,2020-04-27
57173,Eugene,White,"San Francisco",California,"United States",333520,6435013361,Eugene.White@gmail.com,2020-04-27
57174,Vincent,Campbell,Zurich,Zurich,Switzerland,776141,8174218786,Vincent.Campbell@gmail.com,2020-05-01
57175,Russell,Peters,Denver,Colorado,"United States",548425,8338046052,Russell.Peters@gmail.com,2020-05-04
57176,Elijah,Mitchell,Novosibirsk,"Novosibirsk Oblast",Russia,369738,7286676080,Elijah.Mitchell@gmail.com,2020-05-04
57177,Louis,Hamilton,Amsterdam,"North Holland",Netherlands,365689,7870450005,Louis.Hamilton@gmail.com,2020-05-05
57178,Bobby,Ashley,Warsaw,Masovian,Poland,851589,9388118858,Bobby.Ashley@gmail.com,2020-05-07
57179,Philip,Carter,Geneva,Geneve,Switzerland,370260,9187822021,Philip.Carter@gmail.com,2020-05-07
57180,Johnny,Walker,"Los Angeles",California,"United States",999674,9679867348,Johnny.Walker@gmail.com,2020-05-10
57181,Mary,"Jane Watson",Charlotte,"North Carolina","United States",815970,8195750230,"Mary.Jane Watson@gmail.com",2020-05-11
57182,Patricia,Roberts,"Los Angeles",California,"United States",757267,8705129478,Patricia.Roberts@gmail.com,2020-05-12
57183,Jennifer,Lawrence,Charlotte,"North Carolina","United States",346297,6228956729,Jennifer.Lawrence@gmail.com,2020-05-12
57184,Linda,Jones,Moscow,Moscow,Russia,693878,7724723906,Linda.Jones@gmail.com,2020-05-13
57185,Elizabeth,Emerson,"Saint Petersburg","Saint Petersburg",Russia,120668,6751710453,Elizabeth.Emerson@gmail.com,2020-05-13
57186,Barbara,Corcoran,Patras,"Western Greece",Greece,714637,9153245242,Barbara.Corcoran@gmail.com,2020-05-17
57187,Susan,Jones,Timisoara,Timis,Romania,793999,6511250967,Susan.Jones@gmail.com,2020-05-18
57188,Jessica,James,Basel,Basel,Switzerland,426248,9644798731,Jessica.James@gmail.com,2020-05-19
57189,Sarah,Hunt,Zurich,Zurich,Switzerland,598317,8169119239,Sarah.Hunt@gmail.com,2020-05-20
57190,Karen,Ramirez,Bucharest,Bucharest,Romania,495737,9175259523,Karen.Ramirez@gmail.com,2020-05-21
57191,Nancy,Lyon,"San Francisco",California,"United States",841652,8046268061,Nancy.Lyon@gmail.com,2020-05-22
57192,Lisa,Lewis,Philadelphia,Pennsylvania,"United States",937031,9722178360,Lisa.Lewis@gmail.com,2020-05-22
57193,Betty,Chan,Yekaterinburg,"Sverdlovsk Oblast",Russia,580765,7969280314,Betty.Chan@gmail.com,2020-05-23
57194,Margaret,Robinson,Amsterdam,"North Holland",Netherlands,515591,8772863443,Margaret.Robinson@gmail.com,2020-05-23
57195,Sandra,Jamieson,Zurich,Zurich,Switzerland,383353,8582114644,Sandra.Jamieson@gmail.com,2020-06-02
57196,Ashley,White,"New York","New York","United States",803691,9837229493,Ashley.White@gmail.com,2020-06-03
57197,Kimberly,Hunt,Belfast,Belfast,"Northern Ireland",772640,6738178463,Kimberly.Hunt@gmail.com,2020-06-03
57198,Emily,Young,Houston,Texas,"United States",949975,8408622873,Emily.Young@gmail.com,2020-06-04
57199,Donna,Washington,Villach,Carinthia,Austria,126045,6121357995,Donna.Washington@gmail.com,2020-06-05
57200,Michelle,Allen,Houston,Texas,"United States",243022,8469408570,Michelle.Allen@gmail.com,2020-06-05
57201,Dorothy,Joseph,Galway,Galway,Ireland,570970,8034566337,Dorothy.Joseph@gmail.com,2020-06-05
57202,Carol,Federer,Yekaterinburg,"Sverdlovsk Oblast",Russia,766798,6807556287,Carol.Federer@gmail.com,2020-06-07
57203,Amanda,King,"San Francisco",California,"United States",908686,6875562925,Amanda.King@gmail.com,2020-06-10
57204,Melissa,Clooney,Gurgaon,Haryana,India,128305,8287186662,Melissa.Clooney@gmail.com,2020-06-10
57205,Deborah,Gonzalez,Jacksonville,Florida,"United States",883473,8289906933,Deborah.Gonzalez@gmail.com,2020-06-12
57206,Stephanie,Reagan,Hesse,Wiesbaden,Germany,616854,9053942718,Stephanie.Reagan@gmail.com,2020-06-12
57207,Rebecca,Wilson,Brussels,Brussels-Capital,Belgium,363155,6010084617,Rebecca.Wilson@gmail.com,2020-06-13
57208,Sharon,Derulo,Zurich,Zurich,Switzerland,658149,9771547842,Sharon.Derulo@gmail.com,2020-06-16
57209,Laura,Anderson,Warsaw,Masovian,Poland,281403,6180762848,Laura.Anderson@gmail.com,2020-06-17
57210,Cynthia,Reynolds,Lausanne,Lausanne,Switzerland,202875,8757897967,Cynthia.Reynolds@gmail.com,2020-06-18
57211,Kathleen,Thomas,Denver,Colorado,"United States",916703,8317912235,Kathleen.Thomas@gmail.com,2020-06-20
57212,Amy,Kirsten,Yekaterinburg,"Sverdlovsk Oblast",Russia,532105,7758924386,Amy.Kirsten@gmail.com,2020-06-21
57213,Shirley,Taylor,Gurgaon,Haryana,India,710807,8301878470,Shirley.Taylor@gmail.com,2020-06-27
57214,Angela,Rosen,Patras,"Western Greece",Greece,634543,7570159009,Angela.Rosen@gmail.com,2020-06-27
57215,Helen,Keller,"New York","New York","United States",706545,9871513092,Helen.Keller@gmail.com,2020-07-01
57216,Anna,Downey,Galway,Galway,Ireland,572235,6355840254,Anna.Downey@gmail.com,2020-07-02
57217,Brenda,Williams,Varanasi,"Uttar Pradesh",India,564691,7440859268,Brenda.Williams@gmail.com,2020-07-02
57218,Pamela,Johnson,Gurgaon,Haryana,India,681558,9952427264,Pamela.Johnson@gmail.com,2020-07-03
57219,Nicole,Williams,Amritsar,Punjab,India,188604,7736783821,Nicole.Williams@gmail.com,2020-07-09
57220,Emma,Beckham,Patras,"Western Greece",Greece,279516,7368939317,Emma.Beckham@gmail.com,2020-07-10
57221,Samantha,Lee,Denver,Colorado,"United States",587794,7353007738,Samantha.Lee@gmail.com,2020-07-12
57222,Katherine,Clark,Amsterdam,"North Holland",Netherlands,956840,8864524394,Katherine.Clark@gmail.com,2020-07-17
57223,Christine,Adams,Timisoara,Timis,Romania,674492,6993371396,Christine.Adams@gmail.com,2020-07-22
57224,Debra,Nelson,Denver,Colorado,"United States",329286,8210480859,Debra.Nelson@gmail.com,2020-07-28
57225,Rachel,Torres,Zurich,Zurich,Switzerland,945576,7657531195,Rachel.Torres@gmail.com,2020-08-03
57226,Catherine,Green,Villach,Carinthia,Austria,197618,6908522160,Catherine.Green@gmail.com,2020-08-03
57227,Carolyn,Forres,"San Francisco",California,"United States",123473,8590782836,Carolyn.Forres@gmail.com,2020-08-06
57228,Janet,Hill,Faridabad,Haryana,India,290919,7180792577,Janet.Hill@gmail.com,2020-08-08
57229,Ruth,Carter,Hamburg,Hamburg,Germany,439471,8323993680,Ruth.Carter@gmail.com,2020-08-09
57230,Maria,Robins,"New York","New York","United States",863411,9473913464,Maria.Robins@gmail.com,2020-08-10
57231,Heather,Phillips,Warsaw,Masovian,Poland,949451,7979859001,Heather.Phillips@gmail.com,2020-08-12
57232,Diane,Morgan,"San Francisco",California,"United States",703466,9095575459,Diane.Morgan@gmail.com,2020-08-16
57233,Virginia,Cook,Houston,Texas,"United States",691595,9190541428,Virginia.Cook@gmail.com,2020-08-16
57234,Julie,Botham,Timisoara,Timis,Romania,436797,9556799110,Julie.Botham@gmail.com,2020-08-17
57235,Joyce,Ryder,Faridabad,Haryana,India,176968,8994343494,Joyce.Ryder@gmail.com,2020-08-20
57236,Victoria,Queen,Galway,Galway,Ireland,151232,8417363453,Victoria.Queen@gmail.com,2020-08-22
57237,Olivia,Olsen,Jacksonville,Florida,"United States",653844,6053084449,Olivia.Olsen@gmail.com,2020-08-23
57238,Kelly,Clarkson,Hamburg,Hamburg,Germany,195409,6179968697,Kelly.Clarkson@gmail.com,2020-08-25
57239,Christina,Aguilera,Brussels,Brussels-Capital,Belgium,494735,8117434671,Christina.Aguilera@gmail.com,2020-08-26
57240,Lauren,Gottileb,Paris,Île-de-France,France,361087,8366844510,Lauren.Gottileb@gmail.com,2020-09-04
57241,Joan,Benet,Moscow,Moscow,Russia,318647,9087276702,Joan.Benet@gmail.com,2020-09-04
57242,Evelyn,Mendoza,Athens,Attica,Greece,621713,7719663090,Evelyn.Mendoza@gmail.com,2020-09-06
57243,Judith,Hugh,Bucharest,Bucharest,Romania,610391,7053364959,Judith.Hugh@gmail.com,2020-09-06
57244,Megan,Benner,Zurich,Zurich,Switzerland,186737,8931159199,Megan.Benner@gmail.com,2020-09-07
57245,Cheryl,Lewis,Denver,Colorado,"United States",921659,7712791109,Cheryl.Lewis@gmail.com,2020-09-10
57246,Andrea,Botez,Faridabad,Haryana,India,630912,7948710357,Andrea.Botez@gmail.com,2020-09-10
57247,Hannah,Montana,Montpellier,Occitanie,France,806001,6434207090,Hannah.Montana@gmail.com,2020-09-11
57248,Martha,Patterson,"New York","New York","United States",454322,8252695615,Martha.Patterson@gmail.com,2020-09-12
57249,Jacqueline,Fernandez,Houston,Texas,"United States",230288,6482043079,Jacqueline.Fernandez@gmail.com,2020-09-13
57250,Frances,Alexander,Belfast,Belfast,"Northern Ireland",926703,6234633197,Frances.Alexander@gmail.com,2020-09-14
57251,Gloria,Woods,Ghaziabad,"Uttar Pradesh",India,430221,8527263910,Gloria.Woods@gmail.com,2020-09-15
57252,Ann,Stevens,Amritsar,Punjab,India,318347,6573307552,Ann.Stevens@gmail.com,2020-09-16
57253,Teresa,Murray,Patras,"Western Greece",Greece,606168,7173171969,Teresa.Murray@gmail.com,2020-09-17
57254,Kathryn,Clark,Denver,Colorado,"United States",239647,6085234009,Kathryn.Clark@gmail.com,2020-09-17
57255,Sara,Nicoleson,Amsterdam,"North Holland",Netherlands,440101,7968554912,Sara.Nicoleson@gmail.com,2020-09-17
57256,Janice,Vazquez,Agra,"Uttar Pradesh",India,417337,7725290862,Janice.Vazquez@gmail.com,2020-09-17
57257,Jean,Kelley,Bremen,Bremen,Germany,614575,8989746280,Jean.Kelley@gmail.com,2020-09-18
57258,Alice,Spencer,Jacksonville,Florida,"United States",263536,8113067809,Alice.Spencer@gmail.com,2020-09-19
57259,Madison,Hawkins,Warsaw,Masovian,Poland,323188,8833067511,Madison.Hawkins@gmail.com,2020-09-21
57260,Doris,Johnson,Athens,Attica,Greece,124535,8101854434,Doris.Johnson@gmail.com,2020-09-23
57261,Abigail,Richards,Brussels,Brussels-Capital,Belgium,829257,9617315057,Abigail.Richards@gmail.com,2020-09-25
57262,Julia,Willis,Bhopal,"Madhya Pradesh",India,881438,6494120531,Julia.Willis@gmail.com,2020-10-03
57263,Judy,Carpenter,Bucharest,Bucharest,Romania,988887,9762599397,Judy.Carpenter@gmail.com,2020-10-04
57264,Grace,Carter,"New York","New York","United States",760552,7106233188,Grace.Carter@gmail.com,2020-10-04
57265,Denise,George,Athens,Attica,Greece,647282,6859582666,Denise.George@gmail.com,2020-10-04
57266,Amber,OBrien,Brussels,Brussels-Capital,Belgium,464963,6124916365,Amber.OBrien@gmail.com,2020-10-04
57267,Marilyn,Johnson,Bhopal,"Madhya Pradesh",India,816953,6407172417,Marilyn.Johnson@gmail.com,2020-10-04
57268,Beverly,Hills,Moscow,Moscow,Russia,272100,6269994683,Beverly.Hills@gmail.com,2020-10-06
57269,Danielle,Barrett,Galway,Galway,Ireland,585217,7674643172,Danielle.Barrett@gmail.com,2020-10-09
57270,Theresa,Lawson,Jacksonville,Florida,"United States",537846,8936184424,Theresa.Lawson@gmail.com,2020-10-10
57271,Sophia,Marquez,Jacksonville,Florida,"United States",890551,8096156139,Sophia.Marquez@gmail.com,2020-10-11
57272,Marie,Douglas,Vienna,Vienna,Austria,983729,6547496325,Marie.Douglas@gmail.com,2020-10-12
57273,Diana,Walter,Dublin,Dublin,Ireland,675334,8654363725,Diana.Walter@gmail.com,2020-10-14
57274,Brittany,Brown,Lisbon,Lisbon,Portugal,318056,8200120323,Brittany.Brown@gmail.com,2020-10-16
57275,Natalie,Bates,Zurich,Zurich,Switzerland,521496,9440395221,Natalie.Bates@gmail.com,2020-10-16
57276,Isabella,Beck,Bucharest,Bucharest,Romania,298006,8734858705,Isabella.Beck@gmail.com,2020-10-17
57277,Charlotte,Flair,Cork,Cork,Ireland,118533,7337665062,Charlotte.Flair@gmail.com,2020-10-22
57278,Rose,Mary,Bucharest,Bucharest,Romania,491441,7172185088,Rose.Mary@gmail.com,2020-10-23
57279,Alexis,Duran,Montpellier,Occitanie,France,496069,9476790199,Alexis.Duran@gmail.com,2020-10-24
57280,Kayla,Grey,Lucknow,"Uttar Pradesh",India,753596,6528224522,Kayla.Grey@gmail.com,2020-11-09
57281,Jack,Logan,Timisoara,Timis,Romania,479262,9221101294,Jack.Logan@gmail.com,2020-11-12
57282,Oliver,Alan,Houston,Texas,"United States",924280,7037290568,Oliver.Alan@gmail.com,2020-11-13
57283,James,Juan,"New York","New York","United States",431266,7001938717,James.Juan@gmail.com,2020-11-15
57284,Charlie,Wayne,Jacksonville,Florida,"United States",550464,7427480588,Charlie.Wayne@gmail.com,2020-11-16
57285,Harris,Roy,Bucharest,Bucharest,Romania,726977,6927799940,Harris.Roy@gmail.com,2020-11-16
57286,Lewis,Ralph,Kanpur,"Uttar Pradesh",India,792167,8884125570,Lewis.Ralph@gmail.com,2020-11-17
57287,Leo,Randy,Berlin,Berlin,Germany,633334,8901599633,Leo.Randy@gmail.com,2020-11-18
57288,Noah,Eugene,Cork,Cork,Ireland,116703,7508025842,Noah.Eugene@gmail.com,2020-11-18
57289,Alfie,Vincent,Moscow,Moscow,Russia,438530,9718477011,Alfie.Vincent@gmail.com,2020-11-22
57290,Rory,Russell,Brussels,Brussels-Capital,Belgium,888264,9310284261,Rory.Russell@gmail.com,2020-12-02
57291,Alexander,Elijah,Athens,Attica,Greece,693189,8567898862,Alexander.Elijah@gmail.com,2020-12-05
57292,Max,Louis,Porto,Porto,Portugal,122488,6024573627,Max.Louis@gmail.com,2020-12-14
57293,Logan,Bobby,Jacksonville,Florida,"United States",276370,9375899095,Logan.Bobby@gmail.com,2020-12-14
57294,Lucas,Philip,Vienna,Vienna,Austria,875255,7264764389,Lucas.Philip@gmail.com,2020-12-15
57295,Harry,Johnny,Dublin,Dublin,Ireland,536552,7906352429,Harry.Johnny@gmail.com,2020-12-22
57296,Theo,Mary,Lisbon,Lisbon,Portugal,143218,6877385491,Theo.Mary@gmail.com,2020-12-24
57297,Thomas,Patricia,Jaipur,Rajasthan,India,948553,6466821987,Thomas.Patricia@gmail.com,2020-12-24
57298,Brodie,Jennifer,"Vila Nova de Gaia",Porto,Portugal,562216,8863307962,Brodie.Jennifer@gmail.com,2020-12-27
57299,Archie,Linda,Bucharest,Bucharest,Romania,770601,8969938150,Archie.Linda@gmail.com,2020-12-27
57300,Jacob,Elizabeth,Marseille,"Provence-Alpes-Côte d'Azur",France,836111,8162736585,Jacob.Elizabeth@gmail.com,2021-01-01
57301,Finlay,Barbara,"New York","New York","United States",138305,9083088975,Finlay.Barbara@gmail.com,2021-01-02
57302,Finn,Lyon,Jaipur,Rajasthan,India,820128,9165965680,Finn.Lyon@gmail.com,2021-01-03
57303,Daniel,Lewis,Melbourne,Victoria,Australia,333484,9917602680,Daniel.Lewis@gmail.com,2021-01-04
57304,Joshua,Chan,Berlin,Berlin,Germany,222368,8345822070,Joshua.Chan@gmail.com,2021-01-04
57305,Oscar,Robinson,Vienna,Vienna,Austria,163222,6386230587,Oscar.Robinson@gmail.com,2021-01-05
57306,Arthur,Jamieson,Bucharest,Bucharest,Romania,597932,9285170350,Arthur.Jamieson@gmail.com,2021-01-06
57307,Hunter,White,Zurich,Zurich,Switzerland,658188,8779750084,Hunter.White@gmail.com,2021-01-07
57308,Ethan,Hunt,Melbourne,Victoria,Australia,560467,6035717314,Ethan.Hunt@gmail.com,2021-01-08
57309,Mason,Young,Limerick,Limerick,Ireland,787199,7627562449,Mason.Young@gmail.com,2021-01-08
57310,Harrison,Washington,Moscow,Moscow,Russia,764755,9696511457,Harrison.Washington@gmail.com,2021-01-08
57311,Freddie,Allen,Athens,Attica,Greece,908106,7423409150,Freddie.Allen@gmail.com,2021-01-08
57312,Ollie,Joseph,Belfast,Belfast,"Northern Ireland",155218,7908414060,Ollie.Joseph@gmail.com,2021-01-12
57313,Adam,Federer,Melbourne,Victoria,Australia,261795,7788434637,Adam.Federer@gmail.com,2021-01-13
57314,William,King,Turin,Piedmont,Italy,983366,6253310855,William.King@gmail.com,2021-01-13
57315,Jaxon,Clooney,"Vila Nova de Gaia",Porto,Portugal,128013,9144939055,Jaxon.Clooney@gmail.com,2021-01-13
57316,Aaron,Axel,Galway,Galway,Ireland,771952,6015357565,Aaron.Axel@gmail.com,2021-01-14
57317,Cameron,Ayden,Belfast,Belfast,"Northern Ireland",417961,9582942187,Cameron.Ayden@gmail.com,2021-01-15
57318,Liam,Caiden,Vienna,Vienna,Austria,714920,8160002267,Liam.Caiden@gmail.com,2021-01-15
57319,George,Craig,Galway,Galway,Ireland,481272,8478283221,George.Craig@gmail.com,2021-01-15
57320,Jamie,Lauchlan,Lyon,Auvergne-Rhône-Alpes,France,115505,9531319695,Jamie.Lauchlan@gmail.com,2021-01-15
57321,Callum,Lennon,Jaipur,Rajasthan,India,263944,6288062101,Callum.Lennon@gmail.com,2021-01-15
57322,Matthew,Lukas,Brussels,Brussels-Capital,Belgium,665699,9038228402,Matthew.Lukas@gmail.com,2021-01-16
57323,Muhammad,Maximilian,Amadora,Lisbon,Portugal,411708,9091942063,Muhammad.Maximilian@gmail.com,2021-01-16
57324,Caleb,Mylo,Galway,Galway,Ireland,389655,8936844867,Caleb.Mylo@gmail.com,2021-01-18
57325,Nathan,Nikodem,Jaipur,Rajasthan,India,370639,6713840498,Nathan.Nikodem@gmail.com,2021-01-18
57326,Tommy,Rocco,Brandenburg,Potsdam,Germany,512833,9223470662,Tommy.Rocco@gmail.com,2021-01-18
57327,Carter,Rohan,Galway,Galway,Ireland,976949,7057989867,Carter.Rohan@gmail.com,2021-01-19
57328,Blake,Xavier,Naples,Campania,Italy,774220,8696916562,Blake.Xavier@gmail.com,2021-01-19
57329,Andrew,Abel,Zurich,Zurich,Switzerland,441818,6598905439,Andrew.Abel@gmail.com,2021-01-19
57330,Luke,Bobby,Bucharest,Bucharest,Romania,787864,9558936130,Luke.Bobby@gmail.com,2021-01-20
57331,Jude,Philip,Amadora,Lisbon,Portugal,348900,6311615674,Jude.Philip@gmail.com,2021-01-21
57332,Angus,Johnny,Derry,"Derry City and Strabane","Northern Ireland",344263,7688895230,Angus.Johnny@gmail.com,2021-01-23
57333,Riley,Mary,Vienna,Vienna,Austria,673350,7814242880,Riley.Mary@gmail.com,2021-01-24
57334,Luca,Patricia,Jaipur,Rajasthan,India,854559,6207332491,Luca.Patricia@gmail.com,2021-01-25
57335,Samuel,Jennifer,Athens,Attica,Greece,566613,6779827750,Samuel.Jennifer@gmail.com,2021-01-26
57336,Joseph,Linda,Coimbra,Coimbra,Portugal,708644,6949184828,Joseph.Linda@gmail.com,2021-01-27
57337,David,Elizabeth,Toulouse,Occitanie,France,402933,9980824840,David.Elizabeth@gmail.com,2021-01-28
57338,Isaac,Barbara,Pune,Maharashtra,India,390491,8380065232,Isaac.Barbara@gmail.com,2021-01-28
57339,Ryan,Lyon,Galway,Galway,Ireland,856966,7443114506,Ryan.Lyon@gmail.com,2021-01-28
57340,Hamish,Lewis,Brussels,Brussels-Capital,Belgium,363656,9749493747,Hamish.Lewis@gmail.com,2021-02-01
57341,Sonny,Donna,Nîmes,Occitanie,France,739834,8454337269,Sonny.Donna@gmail.com,2021-02-01
57342,Arlo,Michelle,Brussels,Brussels-Capital,Belgium,170712,8387301168,Arlo.Michelle@gmail.com,2021-02-02
57343,Arran,Dorothy,Melbourne,Victoria,Australia,309375,8504012076,Arran.Dorothy@gmail.com,2021-02-03
57344,Cole,Carol,Vienna,Vienna,Austria,141540,9579959854,Cole.Carol@gmail.com,2021-02-04
57345,Robert,Amanda,Rome,Lazio,Italy,142721,8102911296,Robert.Amanda@gmail.com,2021-02-06
57346,Blair,Melissa,Braga,Braga,Portugal,656207,8041245794,Blair.Melissa@gmail.com,2021-02-06
57347,Dylan,Deborah,Lisbon,Lisbon,Portugal,302182,6871685601,Dylan.Deborah@gmail.com,2021-02-07
57348,Louie,Stephanie,Newtownabbey,"Antrim and Newtownabbey","Northern Ireland",283378,9307815710,Louie.Stephanie@gmail.com,2021-02-07
57349,Ruaridh,Rebecca,Vienna,Vienna,Austria,682959,7901416742,Ruaridh.Rebecca@gmail.com,2021-02-07
57350,Connor,Sharon,Brussels,Brussels-Capital,Belgium,409856,7198889847,Connor.Sharon@gmail.com,2021-02-08
57351,Benjamin,Laura,Bucharest,Bucharest,Romania,830422,9331786369,Benjamin.Laura@gmail.com,2021-02-08
57352,Kai,Cynthia,Faridabad,Haryana,India,481214,7596679021,Kai.Cynthia@gmail.com,2021-02-09
57353,Michael,Kathleen,Nice,"Provence-Alpes-Côte d'Azur",France,990563,7088534361,Michael.Kathleen@gmail.com,2021-02-10
57354,Jackson,Amy,Bucharest,Bucharest,Romania,698261,9109386552,Jackson.Amy@gmail.com,2021-02-10
57355,Leon,Bieber,Kolkata,"West Bengal",India,477342,6056003710,Leon.Bieber@gmail.com,2021-02-11
57356,Cooper,Martin,Melbourne,Victoria,Australia,415199,6612954800,Cooper.Martin@gmail.com,2021-02-13
57357,Louis,James,Berlin,Berlin,Germany,730498,9480478772,Louis.James@gmail.com,2021-02-14
57358,Theodore,Lee,Vienna,Vienna,Austria,789084,9235126073,Theodore.Lee@gmail.com,2021-02-15
57359,Fraser,Jackson,"Saint Petersburg","Saint Petersburg",Russia,305343,9515887771,Fraser.Jackson@gmail.com,2021-02-15
57360,Owen,Perez,Milan,Lombardy,Italy,158128,6112247560,Owen.Perez@gmail.com,2021-02-15
57361,Reuben,Frank,Woerden,Utrecht,Netherlands,898151,6507899728,Reuben.Frank@gmail.com,2021-02-16
57362,John,Thompson,Athens,Attica,Greece,520415,9344481281,John.Thompson@gmail.com,2021-02-17
57363,Carson,Jose,Coimbra,Coimbra,Portugal,815943,6400672775,Carson.Jose@gmail.com,2021-02-17
57364,Innes,White,Zurich,Zurich,Switzerland,231968,9190083017,Innes.White@gmail.com,2021-02-17
57365,Elijah,Daniels,Newtownabbey,"Antrim and Newtownabbey","Northern Ireland",954511,9640147263,Elijah.Daniels@gmail.com,2021-02-17
57366,Murray,Harris,Brussels,Brussels-Capital,Belgium,201218,8928105021,Murray.Harris@gmail.com,2021-02-18
57367,Grayson,James,Jaipur,Rajasthan,India,742927,8798990794,Grayson.James@gmail.com,2021-02-18
57368,Aiden,Sanchez,Lisbon,Lisbon,Portugal,978786,6297648653,Aiden.Sanchez@gmail.com,2021-02-19
57369,Aidan,Maximilian,Nîmes,Occitanie,France,343973,7083741130,Aidan.Maximilian@gmail.com,2021-02-20
57370,Cody,Mylo,Coimbra,Coimbra,Portugal,900062,7369564561,Cody.Mylo@gmail.com,2021-02-21
57371,Elliot,Nikodem,Strasbourg,"Grand Est",France,997988,9689518050,Elliot.Nikodem@gmail.com,2021-02-21
57372,Ben,Rocco,Lisbon,Lisbon,Portugal,251956,6564667047,Ben.Rocco@gmail.com,2021-02-21
57373,Henry,Rohan,Newtownabbey,"Antrim and Newtownabbey","Northern Ireland",150663,9989541261,Henry.Rohan@gmail.com,2021-02-21
57374,Sam,Xavier,Vienna,Vienna,Austria,393077,6805005311,Sam.Xavier@gmail.com,2021-02-22
57375,Alex,Abel,Strasbourg,"Grand Est",France,984008,6695754659,Alex.Abel@gmail.com,2021-02-23
57376,Ellis,Elias,Baden-Wurttemberg,Stuttgart,Germany,742593,9037922428,Ellis.Elias@gmail.com,2021-02-23
57377,Gabriel,Eric,Milan,Lombardy,Italy,252792,9875773031,Gabriel.Eric@gmail.com,2021-02-25
57378,Jax,Franciszek,Belfast,Belfast,"Northern Ireland",971518,9235443638,Jax.Franciszek@gmail.com,2021-02-25
57379,Callan,Kaleb,Vienna,Vienna,Austria,827514,9095294849,Callan.Kaleb@gmail.com,2021-02-26
57380,Ruairidh,Karson,Bavaria,Munich,Germany,530898,7135366636,Ruairidh.Karson@gmail.com,2021-02-26
57381,Frankie,James,"Saint Petersburg","Saint Petersburg",Russia,128802,7571716680,Frankie.James@gmail.com,2021-03-01
57382,Lachlan,Ryan,Milan,Lombardy,Italy,454284,8209192299,Lachlan.Ryan@gmail.com,2021-03-01
57383,Roman,Hamish,Wellington,Wellington,"New Zealand",958930,6234098979,Roman.Hamish@gmail.com,2021-03-01
57384,Brody,Sonny,Lisbon,Lisbon,Portugal,292379,9432139231,Brody.Sonny@gmail.com,2021-03-01
57385,Josh,Arlo,Strasbourg,"Grand Est",France,553906,6709526943,Josh.Arlo@gmail.com,2021-03-03
57386,Sebastian,Arran,Bordeaux,Nouvelle-Aquitaine,France,811447,9270830348,Sebastian.Arran@gmail.com,2021-03-03
57387,Struan,Cole,Melbourne,Victoria,Australia,886894,6781437795,Struan.Cole@gmail.com,2021-03-03
57388,Evan,Robert,Moscow,Moscow,Russia,194935,6836238828,Evan.Robert@gmail.com,2021-03-04
57389,Kyle,Blair,"Wijk bij Duurstede",Utrecht,Netherlands,301126,7639304538,Kyle.Blair@gmail.com,2021-03-04
57390,Myles,Dylan,Brussels,Brussels-Capital,Belgium,381047,6377035010,Myles.Dylan@gmail.com,2021-03-04
57391,Calum,Louie,Athens,Attica,Greece,571219,9671333036,Calum.Louie@gmail.com,2021-03-05
57392,Lochlan,Ruaridh,Geneva,Geneve,Switzerland,294307,8277992470,Lochlan.Ruaridh@gmail.com,2021-03-05
57393,Jayden,Connor,Lisbon,Lisbon,Portugal,127051,6615198305,Jayden.Connor@gmail.com,2021-03-08
57394,Lyle,Benjamin,Nîmes,Occitanie,France,353368,9608498428,Lyle.Benjamin@gmail.com,2021-03-09
57395,Robbie,Kai,Jaipur,Rajasthan,India,498017,7111476212,Robbie.Kai@gmail.com,2021-03-09
57396,Calvin,Michael,Vienna,Vienna,Austria,872658,8228874834,Calvin.Michael@gmail.com,2021-03-11
57397,Corey,Jackson,Milan,Lombardy,Italy,979264,8197971941,Corey.Jackson@gmail.com,2021-03-12
57398,Jaxson,Leon,Hulst,Zeeland,Netherlands,204379,6761060312,Jaxson.Leon@gmail.com,2021-03-12
57399,Christopher,Cooper,Zurich,Zurich,Switzerland,200030,7700763644,Christopher.Cooper@gmail.com,2021-03-13
57400,Teddy,Louis,Lisbon,Lisbon,Portugal,167853,7681634656,Teddy.Louis@gmail.com,2021-03-14
57401,Eli,Eugene,Newtownabbey,"Antrim and Newtownabbey","Northern Ireland",909750,8042127532,Eli.Eugene@gmail.com,2021-03-14
57402,Marcus,Vincent,Wellington,Wellington,"New Zealand",583198,7778091329,Marcus.Vincent@gmail.com,2021-03-14
57403,Parker,Russell,Chennai,"Tamil Nadu",India,545406,7481740661,Parker.Russell@gmail.com,2021-03-15
57404,Tyler,Elijah,Lille,Hauts-de-France,France,909456,9665092780,Tyler.Elijah@gmail.com,2021-03-18
57405,Euan,Louis,Middelburg,Zeeland,Netherlands,716606,6583330315,Euan.Louis@gmail.com,2021-03-19
57406,Hudson,Bobby,Warsaw,Masovian,Poland,297203,6490070615,Hudson.Bobby@gmail.com,2021-03-21
57407,Joey,Philip,Chennai,"Tamil Nadu",India,138958,8664406603,Joey.Philip@gmail.com,2021-03-21
57408,Austin,Johnny,Athens,Attica,Greece,111577,6933383344,Austin.Johnny@gmail.com,2021-03-22
57409,Zac,Mary,Wellington,Wellington,"New Zealand",264951,7614541479,Zac.Mary@gmail.com,2021-03-23
57410,Dominic,Patricia,Krakow,"Lesser Poland",Poland,592785,6756205492,Dominic.Patricia@gmail.com,2021-03-25
57411,Kayden,Jennifer,Chennai,"Tamil Nadu",India,941359,9792985445,Kayden.Jennifer@gmail.com,2021-03-25
57412,Zack,Linda,Athens,Attica,Greece,772376,9160812590,Zack.Linda@gmail.com,2021-03-25
57413,Harvey,Elizabeth,Geneva,Geneve,Switzerland,257209,7336915477,Harvey.Elizabeth@gmail.com,2021-03-26
57414,Rowan,Barbara,Newtownabbey,"Antrim and Newtownabbey","Northern Ireland",599801,7856848638,Rowan.Barbara@gmail.com,2021-03-27
57415,Hugo,Lyon,Bucharest,Bucharest,Romania,113785,7287426469,Hugo.Lyon@gmail.com,2021-03-27
57416,Edward,Lewis,Lisbon,Lisbon,Portugal,195374,7789921151,Edward.Lewis@gmail.com,2021-03-27
57417,Fergus,Chan,Dublin,Dublin,Ireland,932778,9194179244,Fergus.Chan@gmail.com,2021-03-28
57418,Finley,Robinson,Cork,Cork,Ireland,493382,6864373555,Finley.Robinson@gmail.com,2021-03-28
57419,Patrick,Jamieson,"Saint Petersburg","Saint Petersburg",Russia,738197,8576551930,Patrick.Jamieson@gmail.com,2021-03-28
57420,Cillian,Harley,Rennes,Brittany,France,678695,8621736930,Cillian.Harley@gmail.com,2021-04-04
57421,Conor,Jay,Milan,Lombardy,Italy,677596,7646865561,Conor.Jay@gmail.com,2021-04-04
57422,Ruben,Jordan,Chennai,"Tamil Nadu",India,328056,9724075815,Ruben.Jordan@gmail.com,2021-04-04
57423,Flynn,Milo,Melbourne,Victoria,Australia,246739,9449929601,Flynn.Milo@gmail.com,2021-04-05
57424,Jake,Oran,Sydney,"New South Wales",Australia,614911,7303614573,Jake.Oran@gmail.com,2021-04-06
57425,Albie,Peter,Vienna,Vienna,Austria,615221,6015427642,Albie.Peter@gmail.com,2021-04-09
57426,Levi,Sean,Brussels,Brussels-Capital,Belgium,616021,7905573676,Levi.Sean@gmail.com,2021-04-09
57427,Mohammad,Ciaran,Brisbane,Queensland,Australia,117680,8790698204,Mohammad.Ciaran@gmail.com,2021-04-10
57428,Rhys,Jasper,Amsterdam,"North Holland",Netherlands,506405,9061464459,Rhys.Jasper@gmail.com,2021-04-10
57429,Ronan,Luka,Athens,Attica,Greece,632794,9618920763,Ronan.Luka@gmail.com,2021-04-12
57430,Zach,Odin,Lodz,Lodz,Poland,853938,9739088322,Zach.Odin@gmail.com,2021-04-13
57431,Zachary,Steven,Athens,Attica,Greece,559846,6511736734,Zachary.Steven@gmail.com,2021-04-16
57432,Ezra,Duncan,Lisbon,Lisbon,Portugal,228965,9339577113,Ezra.Duncan@gmail.com,2021-04-19
57433,Charles,Kade,Amsterdam,"North Holland",Netherlands,867596,9658591555,Charles.Kade@gmail.com,2021-04-20
57434,Kian,Musa,Wellington,Wellington,"New Zealand",250733,6929888885,Kian.Musa@gmail.com,2021-04-20
57435,Kieran,Milo,Bangalore,Karnataka,India,112693,7302719465,Kieran.Milo@gmail.com,2021-04-22
57436,Mohammed,Oran,Chennai,"Tamil Nadu",India,569818,8452659434,Mohammed.Oran@gmail.com,2021-04-23
57437,Zak,Peter,Amsterdam,"North Holland",Netherlands,542924,9643370720,Zak.Peter@gmail.com,2021-04-23
57438,Anthony,Sean,Amsterdam,"North Holland",Netherlands,272699,7248095948,Anthony.Sean@gmail.com,2021-04-23
57439,Bradley,Ciaran,Belfast,Belfast,"Northern Ireland",834959,9705757697,Bradley.Ciaran@gmail.com,2021-04-25
57440,Elliott,Jasper,Berlin,Berlin,Germany,625347,6921101649,Elliott.Jasper@gmail.com,2021-04-26
57441,Mark,Theo,Newtownabbey,"Antrim and Newtownabbey","Northern Ireland",495600,8626924582,Mark.Theo@gmail.com,2021-04-26
57442,Miller,Thomas,Reims,"Grand Est",France,301566,6019941305,Miller.Thomas@gmail.com,2021-04-27
57443,Felix,Brodie,Rome,Lazio,Italy,641255,9072484643,Felix.Brodie@gmail.com,2021-04-27
57444,Harley,Archie,"Den Helder","North Holland",Netherlands,268493,6851902777,Harley.Archie@gmail.com,2021-04-28
57445,Jay,Jacob,Geneva,Geneve,Switzerland,181679,8123573574,Jay.Jacob@gmail.com,2021-05-01
57446,Jordan,Finlay,Ahmedabad,Gujarat,India,796211,9800488734,Jordan.Finlay@gmail.com,2021-05-02
57447,Milo,Finn,Perth,"Western Australia",Australia,173026,8115595735,Milo.Finn@gmail.com,2021-05-02
57448,Oran,Daniel,Wroclaw,"Lower Silesian",Poland,686129,8544086861,Oran.Daniel@gmail.com,2021-05-03
57449,Peter,Joshua,Lisbon,Lisbon,Portugal,981792,8293043598,Peter.Joshua@gmail.com,2021-05-04
57450,Sean,Oscar,Lille,Hauts-de-France,France,959367,9486727740,Sean.Oscar@gmail.com,2021-05-05
57451,Ciaran,Arthur,"Saint Petersburg","Saint Petersburg",Russia,357950,6053013952,Ciaran.Arthur@gmail.com,2021-05-06
57452,Jasper,Hunter,Belfast,Belfast,"Northern Ireland",842686,8438849920,Jasper.Hunter@gmail.com,2021-05-07
57453,Kaiden,Ethan,Johannesburg,Johannesburg,"South Africa",653016,7831673099,Kaiden.Ethan@gmail.com,2021-05-08
57454,Robin,Calum,Dublin,Dublin,Ireland,836916,7133856852,Robin.Calum@gmail.com,2021-05-09
57455,Caelan,Lochlan,Adelaide,"South Australia",Australia,320198,6753004670,Caelan.Lochlan@gmail.com,2021-05-11
57456,Cohen,Jayden,Wellington,Wellington,"New Zealand",147870,6601082634,Cohen.Jayden@gmail.com,2021-05-12
57457,Magnus,Lyle,Amsterdam,"North Holland",Netherlands,390330,8980353469,Magnus.Lyle@gmail.com,2021-05-13
57458,Xander,Robbie,Newcastle,"New South Wales",Australia,119267,6866480192,Xander.Robbie@gmail.com,2021-05-14
57459,Jason,Calvin,Canberra,"Australian Capital Territory",Australia,252846,7823722330,Jason.Calvin@gmail.com,2021-05-14
57460,Reece,Corey,"Sunshine Coast",Queensland,Australia,693529,7110320565,Reece.Corey@gmail.com,2021-05-18
57461,Ruairi,Jaxson,Milan,Lombardy,Italy,367391,6157137435,Ruairi.Jaxson@gmail.com,2021-05-19
57462,Scott,Christopher,"Vila Nova de Gaia",Porto,Portugal,571841,9530348097,Scott.Christopher@gmail.com,2021-05-20
57463,Cian,Teddy,Zurich,Zurich,Switzerland,853332,6250825230,Cian.Teddy@gmail.com,2021-05-21
57464,Filip,Eli,Belfast,Belfast,"Northern Ireland",277549,7055580055,Filip.Eli@gmail.com,2021-05-22
57465,Nico,Marcus,Johannesburg,Johannesburg,"South Africa",123785,7945106634,Nico.Marcus@gmail.com,2021-05-25
57466,Olly,Reggie,Bangalore,Karnataka,India,294824,7109176358,Olly.Reggie@gmail.com,2021-05-27
57467,Gregor,Shay,Amsterdam,"North Holland",Netherlands,552983,9971954274,Gregor.Shay@gmail.com,2021-05-27
57468,Junior,Zander,Wroclaw,"Lower Silesian",Poland,751139,7269944409,Junior.Zander@gmail.com,2021-06-01
57469,Antoni,Alasdair,Geneva,Geneve,Switzerland,953861,7513745304,Antoni.Alasdair@gmail.com,2021-06-01
57470,Colton,Ashton,Amsterdam,"North Holland",Netherlands,501114,8434988308,Colton.Ashton@gmail.com,2021-06-02
57471,Jenson,Cruz,Belfast,Belfast,"Northern Ireland",642481,6687024018,Jenson.Cruz@gmail.com,2021-06-03
57472,Layton,Findlay,"Le Havre",Normandy,France,809903,8507169924,Layton.Findlay@gmail.com,2021-06-04
57473,Ross,Hayden,Saint-Étienne,Auvergne-Rhône-Alpes,France,530868,8024722567,Ross.Hayden@gmail.com,2021-06-07
57474,Frederick,Jace,Hyderabad,Telangana,India,505790,6349326355,Frederick.Jace@gmail.com,2021-06-08
57475,Maxwell,Kerr,"Central Coast","New South Wales",Australia,506511,7238434067,Maxwell.Kerr@gmail.com,2021-06-09
57476,Nicholas,Rio,Piraeus,Attica,Greece,698863,8453989465,Nicholas.Rio@gmail.com,2021-06-11
57477,Danny,Rudi,"Vila Nova de Gaia",Porto,Portugal,569390,7170644594,Danny.Rudi@gmail.com,2021-06-13
57478,Declan,Spencer,Wollongong,"New South Wales",Australia,640455,6226589885,Declan.Spencer@gmail.com,2021-06-14
57479,Ibrahim,Taylor,Vienna,Vienna,Austria,432949,7055461847,Ibrahim.Taylor@gmail.com,2021-06-15
57480,Oskar,Francis,Moscow,Moscow,Russia,616874,7788196033,Oskar.Francis@gmail.com,2021-06-16
57481,Reggie,Julian,Belfast,Belfast,"Northern Ireland",288887,8717991148,Reggie.Julian@gmail.com,2021-06-16
57482,Shay,Keegan,Wroclaw,"Lower Silesian",Poland,241434,8649659047,Shay.Keegan@gmail.com,2021-06-18
57483,Zander,Luka,Geelong,Victoria,Australia,954551,7442257638,Zander.Luka@gmail.com,2021-06-18
57484,Alasdair,Odin,Hobart,Tasmania,Australia,386859,7433996128,Alasdair.Odin@gmail.com,2021-06-19
57485,Ashton,Steven,Townsville,Queensland,Australia,891677,6773108255,Ashton.Steven@gmail.com,2021-06-20
57486,Cruz,Duncan,Cairns,Queensland,Australia,112086,7031872822,Cruz.Duncan@gmail.com,2021-06-21
57487,Findlay,Kade,Brandenburg,Potsdam,Germany,714481,8899015011,Findlay.Kade@gmail.com,2021-06-21
57488,Hayden,Musa,Darwin,"Northern Territory",Australia,804876,6232527169,Hayden.Musa@gmail.com,2021-06-23
57489,Jace,Tristan,Ballarat,Victoria,Australia,309785,8462787198,Jace.Tristan@gmail.com,2021-06-25
57490,Kerr,Abdullah,Brussels,Brussels-Capital,Belgium,526397,8108334372,Kerr.Abdullah@gmail.com,2021-06-26
57491,Rio,Dexter,"Vila Nova de Gaia",Porto,Portugal,820864,7201050110,Rio.Dexter@gmail.com,2021-07-01
57492,Rudi,Ian,Toulon,"Provence-Alpes-Côte d'Azur",France,293214,8436843041,Rudi.Ian@gmail.com,2021-07-01
57493,Spencer,Jensen,Geneva,Geneve,Switzerland,306841,6818612015,Spencer.Jensen@gmail.com,2021-07-02
57494,Taylor,Jonathan,Belfast,Belfast,"Northern Ireland",723508,9473423961,Taylor.Jonathan@gmail.com,2021-07-04
57495,Toby,Richard,Amsterdam,"North Holland",Netherlands,970176,9620675518,Toby.Richard@gmail.com,2021-07-05
57496,Joel,Zayn,Piraeus,Attica,Greece,160573,7757073165,Joel.Zayn@gmail.com,2021-07-05
57497,Keir,Adrian,Johannesburg,Johannesburg,"South Africa",543554,7876918451,Keir.Adrian@gmail.com,2021-07-07
57498,Paul,Zachary,Amsterdam,"North Holland",Netherlands,841013,9720305643,Paul.Zachary@gmail.com,2021-07-07
57499,Bobby,Ezra,Delhi,Delhi,India,474396,7461914594,Bobby.Ezra@gmail.com,2021-07-09
57500,Campbell,Charles,Wroclaw,"Lower Silesian",Poland,515813,9122870679,Campbell.Charles@gmail.com,2021-07-09
57501,Kacper,Kian,Strasbourg,"Grand Est",France,928288,6353859894,Kacper.Kian@gmail.com,2021-07-11
57502,Miles,Kieran,Bangalore,Karnataka,India,348606,7242119169,Miles.Kieran@gmail.com,2021-07-11
57503,Otis,Mohammed,Berlin,Berlin,Germany,322688,7988254437,Otis.Mohammed@gmail.com,2021-07-12
57504,Travis,Zak,Hobart,Tasmania,Australia,990877,8896670704,Travis.Zak@gmail.com,2021-07-14
57505,Alan,Anthony,Townsville,Queensland,Australia,777883,8727734228,Alan.Anthony@gmail.com,2021-07-15
57506,Alfred,Bradley,Cairns,Queensland,Australia,773060,7383457508,Alfred.Bradley@gmail.com,2021-07-18
57507,Erik,Elliott,Vienna,Vienna,Austria,844788,7858796446,Erik.Elliott@gmail.com,2021-07-23
57508,Kevin,Mark,Dublin,Dublin,Ireland,703145,6962684454,Kevin.Mark@gmail.com,2021-07-24
57509,Marcel,Elliott,Larissa,Thessaly,Greece,608087,9158381703,Marcel.Elliott@gmail.com,2021-07-25
57510,Nathaniel,Mark,"Vila Nova de Gaia",Porto,Portugal,850538,8384632864,Nathaniel.Mark@gmail.com,2021-07-27
57511,Quinn,Miller,Zurich,Zurich,Switzerland,720314,9348313988,Quinn.Miller@gmail.com,2021-08-02
57512,Yusuf,Felix,Belfast,Belfast,"Northern Ireland",427874,9932962637,Yusuf.Felix@gmail.com,2021-08-02
57513,Billy,Harley,Piraeus,Attica,Greece,557851,8396118331,Billy.Harley@gmail.com,2021-08-06
57514,Douglas,Jay,Johannesburg,Johannesburg,"South Africa",202891,6440143971,Douglas.Jay@gmail.com,2021-08-07
57515,Eden,Lincoln,Bangalore,Karnataka,India,895927,7911889400,Eden.Lincoln@gmail.com,2021-08-07
57516,Ewan,Phoenix,Strasbourg,"Grand Est",France,857269,7653266972,Ewan.Phoenix@gmail.com,2021-08-07
57517,Jakub,Stephen,Geneva,Geneve,Switzerland,727193,8680328060,Jakub.Stephen@gmail.com,2021-08-08
57518,Jonah,Tristan,Berlin,Berlin,Germany,610846,9196661098,Jonah.Tristan@gmail.com,2021-08-08
57519,Leonardo,Abdullah,Grenoble,Auvergne-Rhône-Alpes,France,530521,7064953085,Leonardo.Abdullah@gmail.com,2021-08-09
57520,Mac,Dexter,Delhi,Delhi,India,994373,9257896662,Mac.Dexter@gmail.com,2021-08-10
57521,Murdo,Ian,Brandenburg,Potsdam,Germany,774501,6600491775,Murdo.Ian@gmail.com,2021-08-13
57522,Ronnie,Jensen,Graz,Styria,Austria,148900,7144752429,Ronnie.Jensen@gmail.com,2021-08-16
57523,Vincent,Jonathan,Brussels,Brussels-Capital,Belgium,787603,8084706989,Vincent.Jonathan@gmail.com,2021-08-17
57524,Ali,Richard,Wroclaw,"Lower Silesian",Poland,467124,6214019618,Ali.Richard@gmail.com,2021-08-18
57525,Asher,Zayn,"Vila Nova de Gaia",Porto,Portugal,475825,8990087128,Asher.Zayn@gmail.com,2021-08-19
57526,Bailey,Adrian,Zurich,Zurich,Switzerland,454256,7612482312,Bailey.Adrian@gmail.com,2021-08-20
57527,Enzo,Aleksander,"Vila Nova de Gaia",Porto,Portugal,833512,9699071239,Enzo.Aleksander@gmail.com,2021-08-21
57528,Lennox,Ayaan,Johannesburg,Johannesburg,"South Africa",650783,8112468282,Lennox.Ayaan@gmail.com,2021-08-22
57529,Niall,Bruno,Linz,"Upper Austria",Austria,696118,6146450745,Niall.Bruno@gmail.com,2021-08-24
57530,Alistair,Cook,Moscow,Moscow,Russia,325266,6447917213,Alistair.Cook@gmail.com,2021-08-24
57531,Colby,Mark,Rome,Lazio,Italy,280371,8714445343,Colby.Mark@gmail.com,2021-08-26
57532,Francis,Miller,Zurich,Zurich,Switzerland,855397,8403362522,Francis.Miller@gmail.com,2021-08-26
57533,Julian,Felix,Belfast,Belfast,"Northern Ireland",760350,8017349304,Julian.Felix@gmail.com,2021-09-01
57534,Keegan,Harley,Berlin,Berlin,Germany,683623,9981480800,Keegan.Harley@gmail.com,2021-09-03
57535,Luka,Jay,Salzburg,Salzburg,Austria,133398,8443736676,Luka.Jay@gmail.com,2021-09-05
57536,Odin,Aidan,Dublin,Dublin,Ireland,169022,9841332553,Odin.Aidan@gmail.com,2021-09-06
57537,Steven,Cody,Piraeus,Attica,Greece,641040,6467663525,Steven.Cody@gmail.com,2021-09-07
57538,Duncan,Elliot,Berlin,Berlin,Germany,488952,8488009259,Duncan.Elliot@gmail.com,2021-09-07
57539,Kade,Ben,"Vila Nova de Gaia",Porto,Portugal,163683,9831261701,Kade.Ben@gmail.com,2021-09-09
57540,Musa,Henry,Salzburg,Salzburg,Austria,547157,9096515210,Musa.Henry@gmail.com,2021-09-09
57541,Mustafa,Sam,Dijon,Bourgogne-Franche-Comté,France,597985,6337243618,Mustafa.Sam@gmail.com,2021-09-13
57542,Oakley,Alex,Berlin,Berlin,Germany,464451,6122258214,Oakley.Alex@gmail.com,2021-09-16
57543,Rex,Ellis,Mumbai,Maharashtra,India,229556,8331281873,Rex.Ellis@gmail.com,2021-09-17
57544,Archer,Gabriel,Delhi,Delhi,India,204169,6803910409,Archer.Gabriel@gmail.com,2021-09-19
57545,Axel,Jax,Innsbruck,Tyrol,Austria,915836,9723653076,Axel.Jax@gmail.com,2021-09-21
57546,Ayden,Dean,"Vila Nova de Gaia",Porto,Portugal,277880,7180525977,Ayden.Dean@gmail.com,2021-09-22
57547,Caiden,Idris,Salzburg,Salzburg,Austria,312365,7882094509,Caiden.Idris@gmail.com,2021-09-25
57548,Craig,Jesse,Belfast,Belfast,"Northern Ireland",693440,9265083971,Craig.Jesse@gmail.com,2021-09-26
57549,Lauchlan,Malcolm,Berlin,Berlin,Germany,585651,9771171856,Lauchlan.Malcolm@gmail.com,2021-09-26
57550,Lennon,Ibrahim,Brussels,Brussels-Capital,Belgium,223477,8544957834,Lennon.Ibrahim@gmail.com,2021-09-26
57551,Lukas,Oskar,Zurich,Zurich,Switzerland,315757,7727753255,Lukas.Oskar@gmail.com,2021-09-27
57552,Maximilian,Reggie,Nîmes,Occitanie,France,259546,9082613916,Maximilian.Reggie@gmail.com,2021-09-28
57553,Mylo,Shay,Brandenburg,Potsdam,Germany,467673,8220088430,Mylo.Shay@gmail.com,2021-10-07
57554,Nikodem,Zander,"Klagenfurt am Worthersee",Carinthia,Austria,567264,9296006356,Nikodem.Zander@gmail.com,2021-10-08
57555,Rocco,Alasdair,"Saint Petersburg","Saint Petersburg",Russia,801531,6374648886,Rocco.Alasdair@gmail.com,2021-10-09
57556,Rohan,Ashton,Brussels,Brussels-Capital,Belgium,908008,6199081503,Rohan.Ashton@gmail.com,2021-10-10
57557,Xavier,Cruz,Wroclaw,"Lower Silesian",Poland,354312,7067964373,Xavier.Cruz@gmail.com,2021-10-12
57558,Abel,Archie,Villach,Carinthia,Austria,750733,8732427068,Abel.Archie@gmail.com,2021-10-13
57559,Elias,Jacob,Rome,Lazio,Italy,699625,7630339575,Elias.Jacob@gmail.com,2021-10-14
57560,Eric,Finlay,"Vila Nova de Gaia",Porto,Portugal,265945,6128815387,Eric.Finlay@gmail.com,2021-10-14
57561,Franciszek,Finn,Amsterdam,"North Holland",Netherlands,724697,6917211967,Franciszek.Finn@gmail.com,2021-10-15
57562,Kaleb,Daniel,Patras,"Western Greece",Greece,596034,7417096356,Kaleb.Daniel@gmail.com,2021-10-16
57563,Karson,Joshua,Salzburg,Salzburg,Austria,135003,6457173408,Karson.Joshua@gmail.com,2021-10-17
57564,Kody,Oscar,Brussels,Brussels-Capital,Belgium,300471,8612002390,Kody.Oscar@gmail.com,2021-10-18
57565,Lincoln,Arthur,Berlin,Berlin,Germany,545111,8930983885,Lincoln.Arthur@gmail.com,2021-10-19
57566,Phoenix,Hunter,Nîmes,Occitanie,France,119574,8370842406,Phoenix.Hunter@gmail.com,2021-10-20
57567,Stephen,Ethan,Brandenburg,Potsdam,Germany,860033,9283403608,Stephen.Ethan@gmail.com,2021-10-21
57568,Tristan,Calum,Dublin,Dublin,Ireland,320701,9487186337,Tristan.Calum@gmail.com,2021-10-21
57569,Abdullah,Lochlan,Belfast,Belfast,"Northern Ireland",523272,7792025369,Abdullah.Lochlan@gmail.com,2021-10-21
57570,Dexter,Jayden,Strasbourg,"Grand Est",France,640317,9165390135,Dexter.Jayden@gmail.com,2021-10-22
57571,Ian,Lyle,"Vila Nova de Gaia",Porto,Portugal,167308,8449653106,Ian.Lyle@gmail.com,2021-10-22
57572,Jensen,Robbie,Brest,Brittany,France,713987,9269580832,Jensen.Robbie@gmail.com,2021-10-23
57573,Jonathan,Calvin,Berlin,Berlin,Germany,268654,7656801053,Jonathan.Calvin@gmail.com,2021-10-24
57574,Richard,Corey,Villach,Carinthia,Austria,564100,8420422568,Richard.Corey@gmail.com,2021-10-26
57575,Zayn,Bailey,Warsaw,Masovian,Poland,184986,7628741723,Zayn.Bailey@gmail.com,2021-10-26
57576,Adrian,Enzo,Zurich,Zurich,Switzerland,657311,9739029706,Adrian.Enzo@gmail.com,2021-11-02
57577,Aleksander,Lennox,Nîmes,Occitanie,France,645881,7819860903,Aleksander.Lennox@gmail.com,2021-11-02
57578,Ayaan,Niall,Brussels,Brussels-Capital,Belgium,435921,6088671542,Ayaan.Niall@gmail.com,2021-11-05
57579,Bruno,Alistair,Brest,Brittany,France,524346,8342043041,Bruno.Alistair@gmail.com,2021-11-06
57580,Cailean,Colby,Wroclaw,"Lower Silesian",Poland,400725,8782854284,Cailean.Colby@gmail.com,2021-11-06
57581,Christian,Samuel,Angers,"Pays de la Loire",France,133751,9651067285,Christian.Samuel@gmail.com,2021-11-07
57582,Coby,Joseph,Hamburg,Hamburg,Germany,778438,7916854329,Coby.Joseph@gmail.com,2021-11-10
57583,Conall,David,Villach,Carinthia,Austria,957586,9105698366,Conall.David@gmail.com,2021-11-14
57584,Haris,Isaac,"Saint Petersburg","Saint Petersburg",Russia,541308,9805232065,Haris.Isaac@gmail.com,2021-11-17
57585,Ivor,Ryan,Rome,Lazio,Italy,718537,7340962555,Ivor.Ryan@gmail.com,2021-11-17
57586,Kit,Hamish,Athens,Attica,Greece,876778,6599180310,Kit.Hamish@gmail.com,2021-11-19
57587,Lawson,Sonny,Belfast,Belfast,"Northern Ireland",652803,6275168039,Lawson.Sonny@gmail.com,2021-11-19
57588,Lee,Arlo,Nîmes,Occitanie,France,793322,9206159981,Lee.Arlo@gmail.com,2021-11-24
57589,Marco,Arran,Brussels,Brussels-Capital,Belgium,456951,6087210091,Marco.Arran@gmail.com,2021-11-25
57590,Martin,Cole,"Vila Nova de Gaia",Porto,Portugal,627334,9394056553,Martin.Cole@gmail.com,2021-11-26
57591,Matei,Robert,Brussels,Brussels-Capital,Belgium,782654,7316757665,Matei.Robert@gmail.com,2021-11-26
57592,Munro,Blair,"Le Mans","Pays de la Loire",France,413083,9749459314,Munro.Blair@gmail.com,2021-11-27
57593,Oliwier,Dylan,Villach,Carinthia,Austria,241530,6577701592,Oliwier.Dylan@gmail.com,2021-11-27
57594,River,Louie,Hamburg,Hamburg,Germany,541297,6353529796,River.Louie@gmail.com,2021-11-27
57595,Ruari,Vincent,Thessaloniki,"Central Macedonia",Greece,853370,9019913871,Ruari.Vincent@gmail.com,2021-11-28
57596,Stanley,Ali,Zurich,Zurich,Switzerland,655505,9080686603,Stanley.Ali@gmail.com,2021-12-02
57597,Szymon,Asher,Belfast,Belfast,"Northern Ireland",689194,7973575547,Szymon.Asher@gmail.com,2021-12-03
57598,Tom,Bailey,Warsaw,Masovian,Poland,482510,8818906472,Tom.Bailey@gmail.com,2021-12-03
57599,Tymon,Enzo,Brussels,Brussels-Capital,Belgium,571582,7074239339,Tymon.Enzo@gmail.com,2021-12-04
57600,Bruce,Lennox,Villeurbanne,Auvergne-Rhône-Alpes,France,123374,7222221748,Bruce.Lennox@gmail.com,2021-12-08
57601,Darragh,Niall,Hamburg,Hamburg,Germany,452319,9068052124,Darragh.Niall@gmail.com,2021-12-09
57602,Dean,Alistair,Villach,Carinthia,Austria,423581,6464899125,Dean.Alistair@gmail.com,2021-12-11
57603,Idris,Colby,Dublin,Dublin,Ireland,177875,9470333712,Idris.Colby@gmail.com,2021-12-19
57604,Jesse,Francis,Rome,Lazio,Italy,720109,8564208748,Jesse.Francis@gmail.com,2021-12-22
57605,Malcolm,Julian,Amsterdam,"North Holland",Netherlands,920922,8894642998,Malcolm.Julian@gmail.com,2021-12-28
