SupplierID,CompanyName,City,State,PostalCode,Country,Phone,Email
1,"Sunshine Electronics Pvt. Ltd.",Fremont,California,841726,USA,8796300412,contactus@sunelec.com
2,"Tasha Apparel","Abu Dhabhi","Abu Dhabhi",683008,UAE,8773744676,customercare@tashaapparel.com
3,"Alpha imports",Austin,Texas,889037,USA,9872259654,customers@alphaimports.com
4,GreenDroShip,Bangalore,Karnataka,416556,India,8245273210,gogreen@greendrop.co.in
5,Megagoods,Kolkata,"West Bengal",119658,India,8568274416,gobig@megagoods.co.in
6,"ASI Partners","New York City","New York",865066,USA,9363378404,contactus@asi.com
